problems,purpose
"{""Niepok\u00f3j"": 4}",Sbb
"{""Brak cierpliwo\u015bci"": 2, ""Frustracja"": 4, ""Niepok\u00f3j"": 3, ""Po\u015bpiech"": 2, ""Stres"": 2, ""Poczucie winy"": 4}","Chciaabym by bardziej emoatyczba w aferach mojego syna.  Po 20 minutach suchania jak mantry jego krzyku czuj, 偶e zaraz wybuchn.  Boj si tego, 偶e staje si pusta w rodku. "
"{""Zm\u0119czenie"": 2, ""Brak cierpliwo\u015bci"": 3, ""Niepok\u00f3j"": 3, ""Problemy ze snem"": 3, ""Przebod\u017acowanie"": 3, ""Po\u015bpiech"": 4, ""Stres"": 4, ""Poczucie winy"": 4}",spokojniej podchodzi do wszystkiego
"{""Zm\u0119czenie"": 2, ""Brak cierpliwo\u015bci"": 4}",Test
"{""Zm\u0119czenie"": 4, ""Brak cierpliwo\u015bci"": 4, ""Po\u015bpiech"": 5, ""Niepok\u00f3j"": 2, ""Stres"": 3}","Chciaabym by bardziej spokojna, mniej zirytowana, robi wszystko spokojniej, nie na stresie, 偶e nie zd偶. Mniej si denerwowa."
"{""Brak cierpliwo\u015bci"": 5, ""Frustracja"": 5, ""Po\u015bpiech"": 3, ""Stres"": 5, ""Poczucie winy"": 5}",By bardziej spokojna i opanowana.
"{""Zm\u0119czenie"": 4, ""Frustracja"": 3, ""Niepok\u00f3j"": 3, ""Przebod\u017acowanie"": 2, ""Po\u015bpiech"": 4, ""Stres"": 4, ""Poczucie winy"": 3}",By spokojniejsza
"{""Zm\u0119czenie"": 4, ""Brak cierpliwo\u015bci"": 2, ""Frustracja"": 4, ""Niepok\u00f3j"": 4, ""Problemy ze snem"": 4, ""Przebod\u017acowanie"": 5, ""Po\u015bpiech"": 4, ""Stres"": 3, ""Poczucie winy"": 4}",Wiecej opanowania
"{""Zm\u0119czenie"": 3, ""Brak cierpliwo\u015bci"": 3}",test
"{""Niepok\u00f3j"": 3}",Dupa
"{""Przebod\u017acowanie"": 5, ""Brak cierpliwo\u015bci"": 3, ""Frustracja"": 3}",Chc mie wicej zasob贸w.
"{""Zm\u0119czenie"": 5, ""Brak cierpliwo\u015bci"": 5, ""Frustracja"": 5, ""Niepok\u00f3j"": 3, ""Przebod\u017acowanie"": 5, ""Po\u015bpiech"": 5, ""Stres"": 5, ""Poczucie winy"": 5}",Chciaabym by spokojna i zrelaksowana jak wagon buddyjskich mnich贸w. Kocham swoje dzieci i nie chce 偶eby widziay moj cig frustracj.
"{""Brak cierpliwo\u015bci"": 2, ""Stres"": 2, ""Poczucie winy"": 2, ""Frustracja"": 2}",Chc poprawi zaznaczone treci
"{""Zm\u0119czenie"": 5, ""Brak cierpliwo\u015bci"": 4, ""Stres"": 5, ""Frustracja"": 3, ""Przebod\u017acowanie"": 2, ""Niepok\u00f3j"": 3}",wyciszenie dystans do spraw spokoj
"{""Zm\u0119czenie"": 4, ""Niepok\u00f3j"": 2, ""Przebod\u017acowanie"": 3, ""Stres"": 4, ""Poczucie winy"": 4, ""Frustracja"": 4}",Nie rozumiem zdania
"{""Brak cierpliwo\u015bci"": 5, ""Frustracja"": 5, ""Niepok\u00f3j"": 5, ""Przebod\u017acowanie"": 5, ""Po\u015bpiech"": 5, ""Stres"": 5, ""Poczucie winy"": 5}",Nie bd krzycze na dzieci i zaciska zb贸w ze zoci. Nie bd przeklina. Bd docenia to co mam.
"{""Zm\u0119czenie"": 5, ""Brak cierpliwo\u015bci"": 5, ""Frustracja"": 1, ""Przebod\u017acowanie"": 3, ""Stres"": 5, ""Poczucie winy"": 3, ""Po\u015bpiech"": 4}",W
"{""Zm\u0119czenie"": 5, ""Brak cierpliwo\u015bci"": 4, ""Frustracja"": 5, ""Niepok\u00f3j"": 3, ""Problemy ze snem"": 5, ""Przebod\u017acowanie"": 5, ""Stres"": 5, ""Po\u015bpiech"": 3, ""Poczucie winy"": 5}","By lepsz mam. 
Umie zawsze praktykowa pauz.
Mniej krzycze na dziecko.
Zwikszy sw贸j autorytet."
"{""Zm\u0119czenie"": 3, ""Brak cierpliwo\u015bci"": 4, ""Frustracja"": 5, ""Niepok\u00f3j"": 4, ""Problemy ze snem"": 3, ""Przebod\u017acowanie"": 5, ""Po\u015bpiech"": 4, ""Stres"": 5, ""Poczucie winy"": 3}",Wicej spokoju i zaanga偶owania
"{""Frustracja"": 2, ""Po\u015bpiech"": 3}",Nadal
"{""Zm\u0119czenie"": 5, ""Brak cierpliwo\u015bci"": 4, ""Frustracja"": 3, ""Przebod\u017acowanie"": 5, ""Po\u015bpiech"": 5, ""Stres"": 4, ""Poczucie winy"": 4}",Relaks
"{""Brak cierpliwo\u015bci"": 5, ""Frustracja"": 4, ""Po\u015bpiech"": 5, ""Stres"": 4}",agodno i spok贸j
"{""Frustracja"": 3, ""Problemy ze snem"": 3}",Mariusz jest super
"{""Brak cierpliwo\u015bci"": 5, ""Frustracja"": 5, ""Poczucie winy"": 5, ""Stres"": 4, ""Zm\u0119czenie"": 4}","Chc mie wicej cierpliwoci do dziecka, przesta krzycze."
"{""Brak cierpliwo\u015bci"": 5, ""Niepok\u00f3j"": 4, ""Przebod\u017acowanie"": 3, ""Stres"": 5, ""Po\u015bpiech"": 2, ""Frustracja"": 4, ""Zm\u0119czenie"": 3}",Spokojniejsze macierzynstwo
"{""Zm\u0119czenie"": 3, ""Brak cierpliwo\u015bci"": 5, ""Frustracja"": 4, ""Przebod\u017acowanie"": 2, ""Po\u015bpiech"": 5}",Spokoj
"{""Zm\u0119czenie"": 4, ""Brak cierpliwo\u015bci"": 2, ""Przebod\u017acowanie"": 4, ""Po\u015bpiech"": 3, ""Stres"": 3, ""Niepok\u00f3j"": 3, ""Problemy ze snem"": 3, ""Poczucie winy"": 3, ""Frustracja"": 3}",Umie si wycisza w chwilach stresu
"{""Zm\u0119czenie"": 4, ""Niepok\u00f3j"": 4, ""Problemy ze snem"": 3, ""Przebod\u017acowanie"": 3, ""Po\u015bpiech"": 1}",Osiagniecie spokoju bez wzgledu na sytuacje
"{""Niepok\u00f3j"": 4, ""Stres"": 4, ""Po\u015bpiech"": 3, ""Frustracja"": 4, ""Zm\u0119czenie"": 5, ""Poczucie winy"": 3}",Chce co w swoim 偶yciu zmieni by spokojniejsz osob i nie da si stresowi
"{""Brak cierpliwo\u015bci"": 3, ""Niepok\u00f3j"": 4, ""Po\u015bpiech"": 5, ""Stres"": 4, ""Poczucie winy"": 5, ""Frustracja"": 4}",Potrafi zatrzyma si i wyciszy w chwilach stresu i zabiegania by z czystym umysem spojrze obiektywnie na dan sytuacj/trudno z kt贸r si borykam.
"{""Brak cierpliwo\u015bci"": 4, ""Frustracja"": 3, ""Po\u015bpiech"": 4, ""Poczucie winy"": 3}","Wicej cierpliwoci do dzieci, bliskich, troch czasu tylko dla siebie, spok贸j, rado z 偶ycia "
"{""Zm\u0119czenie"": 5, ""Brak cierpliwo\u015bci"": 5, ""Frustracja"": 5, ""Niepok\u00f3j"": 5, ""Problemy ze snem"": 4, ""Przebod\u017acowanie"": 5, ""Po\u015bpiech"": 4, ""Stres"": 5, ""Poczucie winy"": 5}",Czu si lepiej i mie chci do 偶ycia
"{""Zm\u0119czenie"": 5, ""Brak cierpliwo\u015bci"": 2, ""Frustracja"": 4, ""Niepok\u00f3j"": 4, ""Problemy ze snem"": 5, ""Po\u015bpiech"": 3, ""Stres"": 4, ""Poczucie winy"": 4}","By wypoczt i wyspan, aby ze spokojem, opanowaniem i cierpliwoci rozwizywa problemy i odnosi si do dziecka - spokojnie m贸c z nim zawsze rozmawia.  Nie stresowa si nadmiernie."
"{""Zm\u0119czenie"": 5, ""Brak cierpliwo\u015bci"": 2, ""Frustracja"": 4, ""Niepok\u00f3j"": 4, ""Problemy ze snem"": 5, ""Po\u015bpiech"": 3, ""Stres"": 4, ""Poczucie winy"": 4}","By wypoczt i wyspan, aby ze spokojem, opanowaniem i cierpliwoci rozwizywa problemy i odnosi si do dziecka - spokojnie m贸c z nim zawsze rozmawia.  Nie stresowa si nadmiernie."
"{""Zm\u0119czenie"": 3, ""Brak cierpliwo\u015bci"": 5, ""Niepok\u00f3j"": 3, ""Przebod\u017acowanie"": 5, ""Poczucie winy"": 3}","Wicej cierpliwoci dla Ali, mioci dla Mateuszka i spokoju dla mnie "
"{""Brak cierpliwo\u015bci"": 4, ""Niepok\u00f3j"": 5, ""Przebod\u017acowanie"": 5, ""Stres"": 5, ""Frustracja"": 3, ""Poczucie winy"": 4, ""Zm\u0119czenie"": 4, ""Problemy ze snem"": 2, ""Po\u015bpiech"": 2}","Chciaabym, pomimo trudnoci w wychowaniu dziecka w spektrum autyzmu, czu rado i satysfakcj z bycia mam, nie tylko ci偶ar i stres. Chciaabym, 偶eby moja c贸rka miaa szczliw, cierpliw mam, a nie zmczon i sfrustrowan. "
"{""Poczucie winy"": 5, ""Stres"": 5, ""Po\u015bpiech"": 4, ""Niepok\u00f3j"": 3, ""Problemy ze snem"": 4, ""Przebod\u017acowanie"": 5, ""Zm\u0119czenie"": 5, ""Brak cierpliwo\u015bci"": 5, ""Frustracja"": 5}","Wiksza cierpliwo, nie denerwowanie si tak szybko i o wszystko, uzyskanie wewntrznego spokoju, przerwanie koowrotka w gowie, chce zn贸w cieszy si z maych rzeczy i odczuwac pozytywne emocje, zmniejszy poziom wypalenia rodzicielskiego"
"{""Zm\u0119czenie"": 5, ""Brak cierpliwo\u015bci"": 4, ""Frustracja"": 4, ""Niepok\u00f3j"": 3, ""Przebod\u017acowanie"": 3, ""Po\u015bpiech"": 3, ""Stres"": 4, ""Poczucie winy"": 4}",Czu si lepiej i mie wicej cierpliwoci
"{""Zm\u0119czenie"": 4, ""Brak cierpliwo\u015bci"": 5, ""Frustracja"": 4, ""Przebod\u017acowanie"": 4, ""Poczucie winy"": 5, ""Po\u015bpiech"": 3}","Chc by spokojniejsza. Chc potrafi opanowa frustracj, zo. Chc nabra dystansu i si nie przejmowa bo szkoda 偶ycia na stres. Rozumiem to ale moje emocje g贸ruj. Chc je kontrolowa."
"{""Zm\u0119czenie"": 5, ""Brak cierpliwo\u015bci"": 4, ""Frustracja"": 4, ""Niepok\u00f3j"": 2, ""Stres"": 3, ""Poczucie winy"": 3}","Wicej cierpliwoci, spokoju, mniej wybuch贸w.
Spokojne reagowanie."
"{""Niepok\u00f3j"": 3, ""Stres"": 2, ""Zm\u0119czenie"": 2}",Ok
"{""Zm\u0119czenie"": 5, ""Brak cierpliwo\u015bci"": 4, ""Frustracja"": 5, ""Niepok\u00f3j"": 3, ""Przebod\u017acowanie"": 5, ""Poczucie winy"": 2, ""Stres"": 4, ""Po\u015bpiech"": 4}","Wikszy spok贸j, dbanie o swoje zasoby, cierpliwo wobec c贸rek "
"{""Zm\u0119czenie"": 4, ""Brak cierpliwo\u015bci"": 3, ""Frustracja"": 3, ""Przebod\u017acowanie"": 5, ""Po\u015bpiech"": 3, ""Poczucie winy"": 5}",Kocha siebie i bliskich bardziej
"{""Zm\u0119czenie"": 4, ""Brak cierpliwo\u015bci"": 4, ""Frustracja"": 2, ""Po\u015bpiech"": 3, ""Stres"": 4}",Chciaabym mie wicej cierpliwoci i by zr贸wnowa偶ona oraz lepiej zarzdza czasem.
"{""Poczucie winy"": 5, ""Po\u015bpiech"": 5, ""Przebod\u017acowanie"": 4, ""Brak cierpliwo\u015bci"": 4, ""Zm\u0119czenie"": 5, ""Niepok\u00f3j"": 3, ""Problemy ze snem"": 2, ""Stres"": 5}","Nie krzycze , nie obra偶a i nie zaciska zb贸w  ze zoci "
"{""Zm\u0119czenie"": 5, ""Brak cierpliwo\u015bci"": 4, ""Frustracja"": 5, ""Niepok\u00f3j"": 3, ""Przebod\u017acowanie"": 5, ""Po\u015bpiech"": 4, ""Stres"": 4, ""Poczucie winy"": 3}","Nie reagowa w spos贸b ranicy wobec dzieci i m偶a, nauczy si strategii na radzenie sobie ze zoci, mie w sobie spok贸j, wiedzie, jak dobrze reagowa w trudnych sytuacjach, nauczy si odpoczywa i dba o swoje zasoby."
"{""Zm\u0119czenie"": 4, ""Brak cierpliwo\u015bci"": 4, ""Frustracja"": 3, ""Stres"": 3, ""Po\u015bpiech"": 4, ""Przebod\u017acowanie"": 2, ""Niepok\u00f3j"": 3}","Chce byc spokojniejsza, miec wiecej cierpliwosci i cieszyc sie macierzynstwem"
"{""Zm\u0119czenie"": 2, ""Brak cierpliwo\u015bci"": 4, ""Frustracja"": 4, ""Przebod\u017acowanie"": 3}",.
"{""Zm\u0119czenie"": 4, ""Brak cierpliwo\u015bci"": 3, ""Problemy ze snem"": 4, ""Po\u015bpiech"": 4, ""Poczucie winy"": 3}","1. wewntrzny spok贸j
2. poczucie pewnoci, sprawczoci
3. witalno, sia
4. wpyw na dziecko
5. bycie wypoczt, zregenerowan"
"{""Zm\u0119czenie"": 5, ""Frustracja"": 4, ""Niepok\u00f3j"": 5, ""Przebod\u017acowanie"": 5, ""Stres"": 5, ""Poczucie winy"": 5}","Chciabym by spokojniejsza i mie poczucie, 偶e jestem wystarczajco dobr mam. "
"{""Zm\u0119czenie"": 1, ""Frustracja"": 1, ""Niepok\u00f3j"": 1, ""Brak cierpliwo\u015bci"": 1, ""Problemy ze snem"": 5, ""Przebod\u017acowanie"": 1, ""Po\u015bpiech"": 1, ""Stres"": 1, ""Poczucie winy"": 5}",Spokoj
"{""Zm\u0119czenie"": 5, ""Stres"": 5, ""Poczucie winy"": 3, ""Brak cierpliwo\u015bci"": 4, ""Frustracja"": 3}",Wicej czasu dla siebie. Podr贸偶e i spenianie swoich marze. Zauwa偶enie partnera moich potrzeb i ich wsp贸lne spenianie
"{""Niepok\u00f3j"": 5}",Cgh
"{""Zm\u0119czenie"": 1, ""Brak cierpliwo\u015bci"": 1}",Test
"{""Brak cierpliwo\u015bci"": 2, ""Zm\u0119czenie"": 2}",Wicej cierpliwoci
"{""Zm\u0119czenie"": 4, ""Brak cierpliwo\u015bci"": 5, ""Frustracja"": 3, ""Przebod\u017acowanie"": 5, ""Stres"": 5, ""Poczucie winy"": 3}",X
"{""Zm\u0119czenie"": 4, ""Brak cierpliwo\u015bci"": 5, ""Frustracja"": 3, ""Przebod\u017acowanie"": 5, ""Stres"": 5, ""Poczucie winy"": 3}",X
"{""Brak cierpliwo\u015bci"": 2, ""Frustracja"": 3, ""Problemy ze snem"": 4, ""Stres"": 3, ""Poczucie winy"": 3}","Chciaabym czu si pewniej w roli Mamy, wiedzie 偶e robi to dobrze i nie spala si w sytuacjach kiedy nie ma takiej potrzeby."
"{""Stres"": 5, ""Poczucie winy"": 5, ""Przebod\u017acowanie"": 5, ""Problemy ze snem"": 3, ""Frustracja"": 5, ""Brak cierpliwo\u015bci"": 5, ""Zm\u0119czenie"": 4, ""Po\u015bpiech"": 5, ""Niepok\u00f3j"": 3}",Przesta wybucha zoci krzycze na dzieci uspokoi emocje i przesta si pieszy zacz Cieszy si 偶yciem
"{""Zm\u0119czenie"": 4, ""Frustracja"": 5, ""Niepok\u00f3j"": 5, ""Problemy ze snem"": 5, ""Przebod\u017acowanie"": 5, ""Stres"": 5}",Spok贸j
"{""Zm\u0119czenie"": 4, ""Brak cierpliwo\u015bci"": 4, ""Frustracja"": 4, ""Niepok\u00f3j"": 2, ""Problemy ze snem"": 4, ""Przebod\u017acowanie"": 3, ""Po\u015bpiech"": 3, ""Stres"": 3, ""Poczucie winy"": 4}","By cierpliw, nie wybucha, nie czu takiego napicia, by radosn i obecn. Mie energi do 偶ycia.
 "
"{""Zm\u0119czenie"": 4, ""Brak cierpliwo\u015bci"": 4, ""Frustracja"": 4, ""Niepok\u00f3j"": 4, ""Przebod\u017acowanie"": 5, ""Po\u015bpiech"": 5, ""Stres"": 5, ""Poczucie winy"": 4}",Chciaabym poczu si kompetentn super mam
"{""Zm\u0119czenie"": 4, ""Brak cierpliwo\u015bci"": 5, ""Frustracja"": 5, ""Niepok\u00f3j"": 3, ""Stres"": 5, ""Poczucie winy"": 4}",Chce nauczy si nie rani dzieci i Janusza
"{""Brak cierpliwo\u015bci"": 3, ""Frustracja"": 3}",A
"{""Zm\u0119czenie"": 5, ""Brak cierpliwo\u015bci"": 4, ""Przebod\u017acowanie"": 5, ""Po\u015bpiech"": 3, ""Stres"": 4, ""Poczucie winy"": 5}",Dobre relacje z dziemi kt贸re suchaj bez krzyku i awantur jeli o co prosz wyjcie z trudnych sytuacji 偶eby nie denerwowa siebie i dzieci przedewszystkim